{
"verts":[[0.500000, 1.500000, -0.500000], [0.500000, 1.500000, 0.500000], [1.500000, 1.500000, -0.500000], [1.500000, 1.500000, 0.500000], [0.500000, 0.500000, -0.500000], [0.500000, 0.500000, 0.500000], [1.500000, 0.500000, -0.500000], [1.500000, 0.500000, 0.500000], [-0.500000, 1.500000, -0.500000], [-0.500000, 1.500000, 0.500000], [-0.500000, 0.500000, 0.500000], [-0.500000, 0.500000, -0.500000], [1.500000, -0.500000, 0.500000], [1.500000, -0.500000, -0.500000], [0.500000, -0.500000, -0.500000], [0.500000, -0.500000, 0.500000], [-0.500000, -0.500000, 0.500000], [-0.500000, -0.500000, -0.500000], [2.500000, 1.500000, 0.500000], [2.500000, 1.500000, -0.500000], [2.500000, 0.500000, -0.500000], [2.500000, 0.500000, 0.500000], [3.500000, 1.500000, 0.500000], [3.500000, 1.500000, -0.500000], [3.500000, 0.500000, -0.500000], [3.500000, 0.500000, 0.500000], [1.500000, 1.500000, 1.500000], [1.500000, 0.500000, 1.500000], [2.500000, 1.500000, 1.500000], [2.500000, 0.500000, 1.500000], [3.500000, 1.500000, 1.500000], [3.500000, 0.500000, 1.500000]],

"normals":[[0.000000, 0.707107, -0.707107], [0.000000, 0.707107, 0.707107], [0.000000, 0.707107, -0.707107], [-0.301511, 0.904534, 0.301511], [0.000000, 0.000000, -1.000000], [0.000000, 0.000000, 1.000000], [0.301511, -0.301511, -0.904534], [0.000000, -0.707107, 0.707107], [-0.577350, 0.577350, -0.577350], [-0.577350, 0.577350, 0.577350], [-0.707107, 0.000000, 0.707107], [-0.707107, 0.000000, -0.707107], [0.577350, -0.577350, 0.577350], [0.577350, -0.577350, -0.577350], [0.000000, -0.707107, -0.707107], [0.000000, -0.707107, 0.707107], [-0.577350, -0.577350, 0.577350], [-0.577350, -0.577350, -0.577350], [0.000000, 1.000000, 0.000000], [0.000000, 0.707107, -0.707107], [0.000000, -0.707107, -0.707107], [0.000000, -1.000000, 0.000000], [0.707107, 0.707107, 0.000000], [0.577350, 0.577350, -0.577350], [0.577350, -0.577350, -0.577350], [0.707107, -0.707107, 0.000000], [-0.577350, 0.577350, 0.577350], [-0.577350, -0.577350, 0.577350], [0.000000, 0.707107, 0.707107], [0.000000, -0.707107, 0.707107], [0.577350, 0.577350, 0.577350], [0.577350, -0.577350, 0.577350]],

"polygons":[0, 1, 3, 2, 3, 7, 27, 26, 4, 6, 13, 14, 5, 1, 9, 10, 2, 6, 4, 0, 7, 3, 1, 5, 11, 10, 9, 8, 11, 4, 14, 17, 1, 0, 8, 9, 0, 4, 11, 8, 13, 12, 15, 14, 14, 15, 16, 17, 7, 5, 15, 12, 5, 10, 16, 15, 6, 7, 12, 13, 10, 11, 17, 16, 20, 19, 23, 24, 2, 3, 18, 19, 7, 6, 20, 21, 6, 2, 19, 20, 23, 22, 25, 24, 25, 22, 30, 31, 19, 18, 22, 23, 21, 20, 24, 25, 26, 27, 29, 28, 28, 29, 31, 30, 22, 18, 28, 30, 7, 21, 29, 27, 18, 3, 26, 28, 21, 25, 31, 29],

"shape":[[0, 0, 0], [1, 0, 0], [0, 1, 0], [1, 1, 0], [2, 1, 0], [3, 1, 0], [2, 1, 1], [3, 1, 1]]
}
