{
"verts":[[-0.500000, 0.500000, -0.500000], [-0.500000, 0.500000, 0.500000], [-0.500000, 1.500000, -0.500000], [-0.500000, 1.500000, 0.500000], [0.500000, 0.500000, -0.500000], [0.500000, 0.500000, 0.500000], [0.500000, 1.500000, -0.500000], [0.500000, 1.500000, 0.500000], [1.500000, 1.500000, 0.500000], [1.500000, 1.500000, -0.500000], [1.500000, 0.500000, -0.500000], [1.500000, 0.500000, 0.500000], [-0.500000, -0.500000, -0.500000], [-0.500000, -0.500000, 0.500000], [0.500000, -0.500000, 0.500000], [0.500000, -0.500000, -0.500000], [1.500000, -0.500000, 0.500000], [1.500000, -0.500000, -0.500000], [-0.500000, 0.500000, 1.500000], [-0.500000, 1.500000, 1.500000], [0.500000, 1.500000, 1.500000], [0.500000, 0.500000, 1.500000], [1.500000, 1.500000, 1.500000], [1.500000, 0.500000, 1.500000], [-0.500000, 2.500000, 0.500000], [0.500000, 2.500000, 0.500000], [0.500000, 2.500000, 1.500000], [1.500000, 2.500000, 0.500000], [-0.500000, 2.500000, 1.500000], [1.500000, 2.500000, 1.500000]],

"normals":[[-0.707107, 0.000000, -0.707107], [-0.904534, -0.301511, 0.301511], [-0.577350, 0.577350, -0.577350], [-0.904534, 0.301511, -0.301511], [0.000000, 0.000000, -1.000000], [0.000000, -0.707107, 0.707107], [0.000000, 0.707107, -0.707107], [0.000000, 0.707107, -0.707107], [0.904534, 0.301511, -0.301511], [0.577350, 0.577350, -0.577350], [0.707107, 0.000000, -0.707107], [0.904534, -0.301511, 0.301511], [-0.577350, -0.577350, -0.577350], [-0.577350, -0.577350, 0.577350], [0.000000, -0.707107, 0.707107], [0.000000, -0.707107, -0.707107], [0.577350, -0.577350, 0.577350], [0.577350, -0.577350, -0.577350], [-0.577350, -0.577350, 0.577350], [-0.707107, 0.000000, 0.707107], [0.000000, 0.000000, 1.000000], [0.000000, -0.707107, 0.707107], [0.707107, 0.000000, 0.707107], [0.577350, -0.577350, 0.577350], [-0.577350, 0.577350, -0.577350], [0.000000, 0.707107, -0.707107], [0.000000, 0.707107, 0.707107], [0.577350, 0.577350, -0.577350], [-0.577350, 0.577350, 0.577350], [0.577350, 0.577350, 0.577350]],

"polygons":[0, 1, 3, 2, 2, 3, 7, 6, 3, 1, 18, 19, 0, 4, 15, 12, 2, 6, 4, 0, 22, 8, 27, 29, 9, 8, 11, 10, 6, 7, 8, 9, 1, 0, 12, 13, 4, 6, 9, 10, 15, 14, 13, 12, 14, 15, 17, 16, 4, 10, 17, 15, 10, 11, 16, 17, 5, 1, 13, 14, 11, 5, 14, 16, 20, 21, 23, 22, 20, 19, 18, 21, 1, 5, 21, 18, 5, 11, 23, 21, 3, 19, 28, 24, 11, 8, 22, 23, 27, 25, 26, 29, 25, 24, 28, 26, 8, 7, 25, 27, 19, 20, 26, 28, 7, 3, 24, 25, 20, 22, 29, 26],

"shape":[[0, 0, 0], [1, 0, 0], [0, 1, 0], [1, 1, 0], [0, 1, 1], [1, 1, 1], [0, 2, 1], [1, 2, 1]]
}
