{
"verts":[[0.500000, 0.500000, -0.500000], [0.500000, 0.500000, 0.500000], [0.500000, 1.500000, -0.500000], [0.500000, 1.500000, 0.500000], [1.500000, 0.500000, -0.500000], [1.500000, 0.500000, 0.500000], [1.500000, 1.500000, -0.500000], [1.500000, 1.500000, 0.500000], [-0.500000, 1.500000, -0.500000], [-0.500000, 0.500000, -0.500000], [-0.500000, 0.500000, 0.500000], [-0.500000, 1.500000, 0.500000], [0.500000, -0.500000, -0.500000], [0.500000, -0.500000, 0.500000], [1.500000, -0.500000, 0.500000], [1.500000, -0.500000, -0.500000], [-0.500000, -0.500000, -0.500000], [-0.500000, -0.500000, 0.500000], [0.500000, 2.500000, 0.500000], [0.500000, 2.500000, -0.500000], [1.500000, 2.500000, -0.500000], [1.500000, 2.500000, 0.500000], [0.500000, 3.500000, 0.500000], [0.500000, 3.500000, -0.500000], [1.500000, 3.500000, -0.500000], [1.500000, 3.500000, 0.500000], [0.500000, 1.500000, 1.500000], [1.500000, 1.500000, 1.500000], [0.500000, 2.500000, 1.500000], [1.500000, 2.500000, 1.500000], [0.500000, 3.500000, 1.500000], [1.500000, 3.500000, 1.500000]],

"normals":[[0.000000, 0.000000, -1.000000], [0.000000, 0.000000, 1.000000], [-0.301511, 0.301511, -0.904534], [-0.707107, 0.000000, 0.707107], [0.707107, 0.000000, -0.707107], [0.707107, 0.000000, 0.707107], [0.707107, 0.000000, -0.707107], [0.904534, -0.301511, 0.301511], [-0.577350, 0.577350, -0.577350], [-0.707107, 0.000000, -0.707107], [-0.707107, 0.000000, 0.707107], [-0.577350, 0.577350, 0.577350], [0.000000, -0.707107, -0.707107], [0.000000, -0.707107, 0.707107], [0.577350, -0.577350, 0.577350], [0.577350, -0.577350, -0.577350], [-0.577350, -0.577350, -0.577350], [-0.577350, -0.577350, 0.577350], [-1.000000, 0.000000, 0.000000], [-0.707107, 0.000000, -0.707107], [0.707107, 0.000000, -0.707107], [1.000000, 0.000000, 0.000000], [-0.707107, 0.707107, 0.000000], [-0.577350, 0.577350, -0.577350], [0.577350, 0.577350, -0.577350], [0.707107, 0.707107, 0.000000], [-0.577350, -0.577350, 0.577350], [0.577350, -0.577350, 0.577350], [-0.707107, 0.000000, 0.707107], [0.707107, 0.000000, 0.707107], [-0.577350, 0.577350, 0.577350], [0.577350, 0.577350, 0.577350]],

"polygons":[1, 3, 11, 10, 3, 7, 27, 26, 6, 7, 5, 4, 5, 1, 13, 14, 2, 6, 4, 0, 7, 3, 1, 5, 9, 10, 11, 8, 2, 0, 9, 8, 3, 2, 8, 11, 10, 9, 16, 17, 15, 14, 13, 12, 12, 13, 17, 16, 4, 5, 14, 15, 9, 0, 12, 16, 0, 4, 15, 12, 1, 10, 17, 13, 21, 20, 24, 25, 2, 3, 18, 19, 7, 6, 20, 21, 6, 2, 19, 20, 23, 22, 25, 24, 20, 19, 23, 24, 25, 22, 30, 31, 19, 18, 22, 23, 26, 27, 29, 28, 28, 29, 31, 30, 22, 18, 28, 30, 7, 21, 29, 27, 21, 25, 31, 29, 18, 3, 26, 28],

"shape":[[0, 0, 0], [0, 1, 0], [1, 0, 0], [1, 1, 0], [1, 2, 0], [1, 3, 0], [1, 2, 1], [1, 3, 1]]
}
