{
"verts":[[2.500000, 0.500000, -0.500000], [2.500000, 0.500000, 0.500000], [1.500000, 0.500000, -0.500000], [1.500000, 0.500000, 0.500000], [2.500000, 1.500000, -0.500000], [2.500000, 1.500000, 0.500000], [1.500000, 1.500000, -0.500000], [1.500000, 1.500000, 0.500000], [3.500000, 0.500000, -0.500000], [3.500000, 0.500000, 0.500000], [3.500000, 1.500000, 0.500000], [3.500000, 1.500000, -0.500000], [1.500000, -0.500000, -0.500000], [2.500000, -0.500000, -0.500000], [2.500000, -0.500000, 0.500000], [1.500000, -0.500000, 0.500000], [3.500000, -0.500000, -0.500000], [3.500000, -0.500000, 0.500000], [0.500000, 0.500000, 0.500000], [0.500000, 0.500000, -0.500000], [0.500000, 1.500000, -0.500000], [0.500000, 1.500000, 0.500000], [-0.500000, 0.500000, 0.500000], [-0.500000, 0.500000, -0.500000], [-0.500000, 1.500000, -0.500000], [-0.500000, 1.500000, 0.500000], [1.500000, 2.500000, 0.500000], [1.500000, 2.500000, -0.500000], [0.500000, 2.500000, 0.500000], [0.500000, 2.500000, -0.500000], [-0.500000, 2.500000, 0.500000], [-0.500000, 2.500000, -0.500000]],

"normals":[[-0.000000, 0.000000, -1.000000], [0.000000, 0.000000, 1.000000], [-0.301511, -0.301511, -0.904534], [-0.301511, -0.301511, 0.904534], [0.000000, 0.707107, -0.707107], [0.000000, 0.707107, 0.707107], [0.301511, 0.301511, -0.904534], [0.301511, 0.301511, 0.904534], [0.707107, 0.000000, -0.707107], [0.707107, 0.000000, 0.707107], [0.577350, 0.577350, 0.577350], [0.577350, 0.577350, -0.577350], [-0.577350, -0.577350, -0.577350], [0.000000, -0.707107, -0.707107], [0.000000, -0.707107, 0.707107], [-0.577350, -0.577350, 0.577350], [0.577350, -0.577350, -0.577350], [0.577350, -0.577350, 0.577350], [0.000000, -0.707107, 0.707107], [0.000000, -0.707107, -0.707107], [0.000000, 0.000000, -1.000000], [-0.000000, 0.000000, 1.000000], [-0.577350, -0.577350, 0.577350], [-0.577350, -0.577350, -0.577350], [-0.707107, 0.000000, -0.707107], [-0.707107, 0.000000, 0.707107], [0.577350, 0.577350, 0.577350], [0.577350, 0.577350, -0.577350], [-0.000000, 0.707107, 0.707107], [0.000000, 0.707107, -0.707107], [-0.577350, 0.577350, 0.577350], [-0.577350, 0.577350, -0.577350]],

"polygons":[9, 1, 14, 17, 3, 7, 21, 18, 6, 7, 5, 4, 5, 1, 9, 10, 2, 6, 4, 0, 7, 3, 1, 5, 11, 10, 9, 8, 4, 5, 10, 11, 2, 0, 13, 12, 0, 4, 11, 8, 13, 14, 15, 12, 14, 13, 16, 17, 3, 2, 12, 15, 8, 9, 17, 16, 0, 8, 16, 13, 1, 3, 15, 14, 20, 19, 23, 24, 2, 3, 18, 19, 20, 24, 31, 29, 6, 2, 19, 20, 23, 22, 25, 24, 18, 21, 25, 22, 19, 18, 22, 23, 21, 7, 26, 28, 26, 27, 29, 28, 28, 29, 31, 30, 24, 25, 30, 31, 7, 6, 27, 26, 6, 20, 29, 27, 25, 21, 28, 30],

"shape":[[0, 1, 0], [0, 2, 0], [1, 1, 0], [1, 2, 0], [2, 0, 0], [2, 1, 0], [3, 0, 0], [3, 1, 0]]
}
