{
"verts":[[0.500000, 0.500000, -0.500000], [0.500000, 0.500000, 0.500000], [0.500000, 1.500000, -0.500000], [0.500000, 1.500000, 0.500000], [1.500000, 0.500000, -0.500000], [1.500000, 0.500000, 0.500000], [1.500000, 1.500000, -0.500000], [1.500000, 1.500000, 0.500000], [2.500000, 1.500000, 0.500000], [2.500000, 1.500000, -0.500000], [2.500000, 0.500000, -0.500000], [2.500000, 0.500000, 0.500000], [0.500000, -0.500000, -0.500000], [0.500000, -0.500000, 0.500000], [1.500000, -0.500000, 0.500000], [1.500000, -0.500000, -0.500000], [2.500000, -0.500000, 0.500000], [2.500000, -0.500000, -0.500000], [0.500000, 0.500000, 1.500000], [0.500000, 1.500000, 1.500000], [1.500000, 1.500000, 1.500000], [1.500000, 0.500000, 1.500000], [-0.500000, 0.500000, 0.500000], [-0.500000, 1.500000, 0.500000], [-0.500000, 0.500000, 1.500000], [-0.500000, 1.500000, 1.500000], [0.500000, 2.500000, 0.500000], [1.500000, 2.500000, 0.500000], [0.500000, 2.500000, 1.500000], [1.500000, 2.500000, 1.500000], [-0.500000, 2.500000, 0.500000], [-0.500000, 2.500000, 1.500000]],

"normals":[[-0.707107, 0.000000, -0.707107], [-0.707107, -0.707107, 0.000000], [-0.577350, 0.577350, -0.577350], [-0.301511, 0.301511, -0.904534], [0.000000, 0.000000, -1.000000], [0.301511, -0.301511, 0.904534], [0.000000, 0.707107, -0.707107], [0.707107, 0.707107, 0.000000], [0.577350, 0.577350, 0.577350], [0.577350, 0.577350, -0.577350], [0.707107, 0.000000, -0.707107], [0.707107, 0.000000, 0.707107], [-0.577350, -0.577350, -0.577350], [-0.577350, -0.577350, 0.577350], [0.000000, -0.707107, 0.707107], [0.000000, -0.707107, -0.707107], [0.577350, -0.577350, 0.577350], [0.577350, -0.577350, -0.577350], [0.000000, -0.707107, 0.707107], [0.000000, 0.000000, 1.000000], [0.707107, 0.000000, 0.707107], [0.577350, -0.577350, 0.577350], [-0.577350, -0.577350, -0.577350], [-0.707107, 0.000000, -0.707107], [-0.577350, -0.577350, 0.577350], [-0.707107, 0.000000, 0.707107], [0.000000, 0.707107, -0.707107], [0.577350, 0.577350, -0.577350], [0.000000, 0.707107, 0.707107], [0.577350, 0.577350, 0.577350], [-0.577350, 0.577350, -0.577350], [-0.577350, 0.577350, 0.577350]],

"polygons":[0, 1, 3, 2, 2, 3, 7, 6, 4, 10, 17, 15, 5, 1, 13, 14, 2, 6, 4, 0, 1, 5, 21, 18, 9, 8, 11, 10, 4, 6, 9, 10, 7, 5, 11, 8, 6, 7, 8, 9, 14, 15, 17, 16, 15, 14, 13, 12, 1, 0, 12, 13, 0, 4, 15, 12, 11, 5, 14, 16, 10, 11, 16, 17, 20, 19, 18, 21, 19, 20, 29, 28, 5, 7, 20, 21, 3, 23, 30, 26, 23, 22, 24, 25, 18, 19, 25, 24, 1, 18, 24, 22, 3, 1, 22, 23, 27, 26, 28, 29, 28, 26, 30, 31, 7, 3, 26, 27, 25, 19, 28, 31, 23, 25, 31, 30, 20, 7, 27, 29],

"shape":[[1, 0, 0], [2, 0, 0], [1, 1, 0], [2, 1, 0], [0, 1, 1], [1, 1, 1], [0, 2, 1], [1, 2, 1]]
}
