{
"verts":[[0.500000, 0.500000, -0.500000], [0.500000, 0.500000, 0.500000], [0.500000, 1.500000, -0.500000], [0.500000, 1.500000, 0.500000], [1.500000, 0.500000, -0.500000], [1.500000, 0.500000, 0.500000], [1.500000, 1.500000, -0.500000], [1.500000, 1.500000, 0.500000], [2.500000, 1.500000, 0.500000], [2.500000, 1.500000, -0.500000], [2.500000, 0.500000, -0.500000], [2.500000, 0.500000, 0.500000], [0.500000, -0.500000, -0.500000], [0.500000, -0.500000, 0.500000], [1.500000, -0.500000, 0.500000], [1.500000, -0.500000, -0.500000], [2.500000, -0.500000, 0.500000], [2.500000, -0.500000, -0.500000], [-0.500000, 1.500000, -0.500000], [-0.500000, 0.500000, -0.500000], [-0.500000, 0.500000, 0.500000], [-0.500000, 1.500000, 0.500000], [0.500000, 2.500000, 0.500000], [0.500000, 2.500000, -0.500000], [-0.500000, 2.500000, 0.500000], [-0.500000, 2.500000, -0.500000], [0.500000, 0.500000, 1.500000], [0.500000, 1.500000, 1.500000], [-0.500000, 0.500000, 1.500000], [-0.500000, 1.500000, 1.500000], [-0.500000, 2.500000, 1.500000], [0.500000, 2.500000, 1.500000]],

"normals":[[-0.301511, -0.301511, -0.904534], [0.000000, -0.707107, 0.707107], [0.301511, 0.301511, -0.904534], [0.904534, 0.301511, 0.301511], [0.000000, 0.000000, -1.000000], [0.000000, 0.000000, 1.000000], [0.000000, 0.707107, -0.707107], [0.000000, 0.707107, 0.707107], [0.577350, 0.577350, 0.577350], [0.577350, 0.577350, -0.577350], [0.707107, 0.000000, -0.707107], [0.707107, 0.000000, 0.707107], [-0.577350, -0.577350, -0.577350], [-0.577350, -0.577350, 0.577350], [0.000000, -0.707107, 0.707107], [0.000000, -0.707107, -0.707107], [0.577350, -0.577350, 0.577350], [0.577350, -0.577350, -0.577350], [-0.707107, 0.000000, -0.707107], [-0.577350, -0.577350, -0.577350], [-0.707107, -0.707107, 0.000000], [-1.000000, 0.000000, 0.000000], [0.707107, 0.707107, 0.000000], [0.577350, 0.577350, -0.577350], [-0.707107, 0.707107, 0.000000], [-0.577350, 0.577350, -0.577350], [0.577350, -0.577350, 0.577350], [0.707107, 0.000000, 0.707107], [-0.577350, -0.577350, 0.577350], [-0.707107, 0.000000, 0.707107], [-0.577350, 0.577350, 0.577350], [0.577350, 0.577350, 0.577350]],

"polygons":[3, 2, 23, 22, 2, 3, 7, 6, 7, 5, 11, 8, 1, 0, 12, 13, 2, 6, 4, 0, 7, 3, 1, 5, 9, 8, 11, 10, 6, 7, 8, 9, 11, 5, 14, 16, 4, 6, 9, 10, 15, 14, 13, 12, 14, 15, 17, 16, 0, 4, 15, 12, 4, 10, 17, 15, 10, 11, 16, 17, 5, 1, 13, 14, 19, 20, 21, 18, 0, 1, 20, 19, 24, 21, 29, 30, 2, 0, 19, 18, 22, 23, 25, 24, 2, 18, 25, 23, 20, 1, 26, 28, 18, 21, 24, 25, 26, 27, 29, 28, 29, 27, 31, 30, 3, 22, 31, 27, 21, 20, 28, 29, 22, 24, 30, 31, 1, 3, 27, 26],

"shape":[[1, 0, 0], [1, 1, 0], [2, 0, 0], [2, 1, 0], [0, 1, 0], [0, 2, 0], [0, 1, 1], [0, 2, 1]]
}
