{
"verts":[[0.450000, 0.500000, -0.450000], [0.550000, 0.450000, -0.500000], [0.500000, 0.450000, -0.550000], [0.450000, 0.450000, -1.500000], [0.450000, 0.500000, -1.450000], [0.500000, 0.450000, -1.450000], [0.500000, -0.450000, -0.550000], [0.550000, -0.450000, -0.500000], [0.450000, -0.500000, -0.450000], [0.500000, -0.450000, -1.450000], [0.450000, -0.500000, -1.450000], [0.450000, -0.450000, -1.500000], [-0.500000, 0.450000, -0.500000], [-0.450000, 0.500000, -0.500000], [-0.500000, 0.450000, -1.450000], [-0.450000, 0.500000, -1.450000], [-0.450000, 0.450000, -1.500000], [-0.450000, -0.500000, -0.500000], [-0.500000, -0.450000, -0.500000], [-0.450000, -0.450000, -1.500000], [-0.450000, -0.500000, -1.450000], [-0.500000, -0.450000, -1.450000], [0.550000, -0.450000, 0.500000], [0.500000, -0.450000, 0.550000], [0.450000, -0.500000, 0.450000], [-0.450000, -0.500000, 0.500000], [-0.500000, -0.450000, 0.500000], [0.550000, 0.450000, 0.500000], [0.450000, 0.500000, 0.450000], [0.500000, 0.450000, 0.550000], [-0.500000, 0.450000, 0.500000], [-0.450000, 0.500000, 0.500000], [0.500000, -0.450000, 1.500000], [0.450000, -0.500000, 1.500000], [-0.450000, -0.500000, 1.500000], [-0.500000, -0.450000, 1.500000], [0.450000, 0.500000, 1.500000], [0.500000, 0.450000, 1.500000], [-0.500000, 0.450000, 1.500000], [-0.450000, 0.500000, 1.500000], [0.450000, -0.500000, 2.450000], [0.500000, -0.450000, 2.450000], [0.450000, -0.450000, 2.500000], [-0.450000, -0.500000, 2.450000], [-0.450000, -0.450000, 2.500000], [-0.500000, -0.450000, 2.450000], [0.500000, 0.450000, 2.450000], [0.450000, 0.500000, 2.450000], [0.450000, 0.450000, 2.500000], [-0.500000, 0.450000, 2.450000], [-0.450000, 0.450000, 2.500000], [-0.450000, 0.500000, 2.450000], [1.450000, 0.450000, -0.500000], [1.450000, 0.500000, -0.450000], [1.500000, 0.450000, -0.450000], [1.450000, -0.450000, -0.500000], [1.500000, -0.450000, -0.450000], [1.450000, -0.500000, -0.450000], [1.450000, 0.450000, 0.500000], [1.500000, 0.450000, 0.450000], [1.450000, 0.500000, 0.450000], [1.450000, -0.450000, 0.500000], [1.450000, -0.500000, 0.450000], [1.500000, -0.450000, 0.450000]],

"normals":[[0.099101, 0.990130, -0.099101], [0.254899, 0.501297, -0.826878], [0.826878, 0.501297, -0.254899], [0.341585, 0.341586, -0.875579], [0.341586, 0.875579, -0.341586], [0.875578, 0.341586, -0.341587], [0.826878, -0.501297, -0.254899], [0.254899, -0.501297, -0.826878], [0.099101, -0.990130, -0.099101], [0.875578, -0.341586, -0.341587], [0.341586, -0.875579, -0.341586], [0.341585, -0.341586, -0.875579], [-0.923879, 0.382683, 0.000000], [-0.382683, 0.923880, 0.000000], [-0.875578, 0.341586, -0.341587], [-0.341586, 0.875579, -0.341586], [-0.341585, 0.341586, -0.875579], [-0.382683, -0.923880, 0.000000], [-0.923880, -0.382683, 0.000000], [-0.341585, -0.341586, -0.875579], [-0.341586, -0.875579, -0.341586], [-0.875578, -0.341586, -0.341587], [0.254899, -0.501297, 0.826878], [0.826878, -0.501297, 0.254899], [0.099101, -0.990130, 0.099101], [-0.382683, -0.923880, 0.000000], [-0.923880, -0.382683, 0.000000], [0.254899, 0.501297, 0.826878], [0.099101, 0.990130, 0.099101], [0.826878, 0.501297, 0.254899], [-0.923880, 0.382683, 0.000000], [-0.382683, 0.923880, 0.000000], [0.923880, -0.382683, 0.000000], [0.382683, -0.923879, 0.000000], [-0.382683, -0.923880, 0.000000], [-0.923879, -0.382683, 0.000000], [0.382683, 0.923880, 0.000000], [0.923880, 0.382683, 0.000000], [-0.923880, 0.382683, 0.000000], [-0.382683, 0.923880, 0.000000], [0.341585, -0.875579, 0.341586], [0.875578, -0.341586, 0.341586], [0.341586, -0.341586, 0.875579], [-0.341585, -0.875579, 0.341586], [-0.341586, -0.341586, 0.875579], [-0.875579, -0.341586, 0.341586], [0.875579, 0.341586, 0.341586], [0.341586, 0.875579, 0.341586], [0.341586, 0.341586, 0.875579], [-0.875578, 0.341586, 0.341586], [-0.341586, 0.341586, 0.875579], [-0.341585, 0.875579, 0.341586], [0.341586, 0.341586, -0.875579], [0.341587, 0.875579, -0.341586], [0.875579, 0.341585, -0.341586], [0.341586, -0.341586, -0.875579], [0.875579, -0.341585, -0.341586], [0.341587, -0.875579, -0.341586], [0.341586, 0.341586, 0.875579], [0.875579, 0.341585, 0.341586], [0.341587, 0.875579, 0.341586], [0.341586, -0.341586, 0.875579], [0.341587, -0.875579, 0.341586], [0.875579, -0.341585, 0.341586]],

"polygons":[25, 33, 34, 8, 25, 17, 18, 30, 12, 10, 17, 20, 13, 28, 0, 2, 9, 5, 33, 43, 34, 3, 19, 16, 28, 53, 0, 8, 62, 24, 39, 47, 36, 26, 38, 30, 31, 36, 28, 22, 58, 27, 54, 63, 56, 37, 41, 32, 50, 42, 48, 35, 49, 38, 1, 55, 7, 18, 14, 21, 29, 32, 23, 0, 1, 2, 3, 4, 5, 6, 7, 8, 9, 10, 11, 14, 15, 16, 19, 20, 21, 22, 23, 24, 27, 28, 29, 40, 41, 42, 43, 44, 45, 46, 47, 48, 49, 50, 51, 52, 53, 54, 55, 56, 57, 58, 59, 60, 61, 62, 63, 19, 14, 16, 16, 4, 3, 2, 4, 0, 17, 21, 20, 10, 6, 8, 15, 12, 13, 7, 2, 1, 11, 20, 19, 3, 9, 11, 23, 27, 29, 25, 18, 17, 13, 30, 31, 38, 31, 30, 29, 36, 37, 33, 23, 32, 34, 26, 25, 44, 40, 42, 42, 46, 48, 50, 45, 44, 48, 51, 50, 43, 35, 34, 39, 49, 51, 41, 33, 32, 37, 47, 46, 56, 52, 54, 61, 59, 58, 60, 54, 53, 57, 63, 62, 53, 1, 0, 57, 7, 55, 27, 60, 28, 22, 62, 61, 13, 4, 15, 25, 24, 33, 8, 24, 25, 18, 26, 30, 10, 8, 17, 13, 31, 28, 2, 6, 9, 33, 40, 43, 3, 11, 19, 28, 60, 53, 8, 57, 62, 39, 51, 47, 26, 35, 38, 31, 39, 36, 22, 61, 58, 54, 59, 63, 37, 46, 41, 50, 44, 42, 35, 45, 49, 1, 52, 55, 18, 12, 14, 29, 37, 32, 19, 21, 14, 16, 15, 4, 2, 5, 4, 17, 18, 21, 10, 9, 6, 15, 14, 12, 7, 6, 2, 11, 10, 20, 3, 5, 9, 23, 22, 27, 25, 26, 18, 13, 12, 30, 38, 39, 31, 29, 28, 36, 33, 24, 23, 34, 35, 26, 44, 43, 40, 42, 41, 46, 50, 49, 45, 48, 47, 51, 43, 45, 35, 39, 38, 49, 41, 40, 33, 37, 36, 47, 56, 55, 52, 61, 63, 59, 60, 59, 54, 57, 56, 63, 53, 52, 1, 57, 8, 7, 27, 58, 60, 22, 24, 62, 13, 0, 4]
}
